{"minecraft:recipes/decorations/crafting_table":{"criteria":{"unlock_right_away":"2026-02-11 21:02:37 +0530"},"done":true},"minecraft:adventure/adventuring_time":{"criteria":{"minecraft:river":"2026-02-11 21:04:03 +0530","minecraft:meadow":"2026-02-11 21:16:51 +0530","minecraft:birch_forest":"2026-02-11 21:04:12 +0530","minecraft:bamboo_jungle":"2026-02-11 21:02:38 +0530"},"done":false},"minecraft:recipes/misc/stick_from_bamboo_item":{"criteria":{"has_bamboo":"2026-02-11 21:03:06 +0530"},"done":true},"minecraft:recipes/building_blocks/bamboo_block":{"criteria":{"has_bamboo":"2026-02-11 21:03:06 +0530"},"done":true},"minecraft:recipes/decorations/scaffolding":{"criteria":{"has_bamboo":"2026-02-11 21:03:06 +0530"},"done":true},"minecraft:recipes/transportation/cherry_boat":{"criteria":{"in_water":"2026-02-11 21:03:58 +0530"},"done":true},"minecraft:recipes/transportation/bamboo_raft":{"criteria":{"in_water":"2026-02-11 21:03:58 +0530"},"done":true},"minecraft:recipes/transportation/spruce_boat":{"criteria":{"in_water":"2026-02-11 21:03:58 +0530"},"done":true},"minecraft:recipes/transportation/birch_boat":{"criteria":{"in_water":"2026-02-11 21:03:58 +0530"},"done":true},"minecraft:recipes/transportation/oak_boat":{"criteria":{"in_water":"2026-02-11 21:03:58 +0530"},"done":true},"minecraft:recipes/transportation/mangrove_boat":{"criteria":{"in_water":"2026-02-11 21:03:58 +0530"},"done":true},"minecraft:recipes/transportation/acacia_boat":{"criteria":{"in_water":"2026-02-11 21:03:58 +0530"},"done":true},"minecraft:recipes/transportation/pale_oak_boat":{"criteria":{"in_water":"2026-02-11 21:03:58 +0530"},"done":true},"minecraft:recipes/transportation/jungle_boat":{"criteria":{"in_water":"2026-02-11 21:03:58 +0530"},"done":true},"minecraft:recipes/transportation/dark_oak_boat":{"criteria":{"in_water":"2026-02-11 21:03:58 +0530"},"done":true},"minecraft:recipes/building_blocks/birch_wood":{"criteria":{"has_log":"2026-02-11 21:04:52 +0530"},"done":true},"minecraft:recipes/building_blocks/birch_planks":{"criteria":{"has_logs":"2026-02-11 21:04:52 +0530"},"done":true},"minecraft:recipes/misc/charcoal":{"criteria":{"has_log":"2026-02-11 21:04:52 +0530"},"done":true},"minecraft:story/root":{"criteria":{"crafting_table":"2026-02-11 21:05:18 +0530"},"done":true},"minecraft:adventure/root":{"criteria":{"killed_by_something":"2026-02-11 21:06:29 +0530"},"done":true},"minecraft:recipes/redstone/lever":{"criteria":{"has_cobblestone":"2026-02-11 21:23:19 +0530"},"done":true},"minecraft:recipes/decorations/ladder":{"criteria":{"has_stick":"2026-02-11 21:20:55 +0530"},"done":true},"minecraft:recipes/redstone/birch_button":{"criteria":{"has_planks":"2026-02-11 21:21:43 +0530"},"done":true},"minecraft:recipes/decorations/oak_sign":{"criteria":{"has_planks":"2026-02-11 21:23:08 +0530"},"done":true},"minecraft:recipes/redstone/oak_trapdoor":{"criteria":{"has_planks":"2026-02-11 21:23:08 +0530"},"done":true},"minecraft:recipes/combat/stone_sword":{"criteria":{"has_cobblestone":"2026-02-11 21:23:19 +0530"},"done":true},"minecraft:recipes/decorations/cobblestone_wall":{"criteria":{"has_cobblestone":"2026-02-11 21:23:19 +0530"},"done":true},"minecraft:recipes/tools/stone_axe":{"criteria":{"has_cobblestone":"2026-02-11 21:23:19 +0530"},"done":true},"minecraft:recipes/decorations/white_glazed_terracotta":{"criteria":{"has_white_terracotta":"2026-02-11 21:30:57 +0530"},"done":true},"minecraft:story/mine_stone":{"criteria":{"get_stone":"2026-02-11 21:23:19 +0530"},"done":true},"minecraft:recipes/decorations/furnace":{"criteria":{"has_cobblestone":"2026-02-11 21:23:19 +0530"},"done":true},"minecraft:recipes/redstone/birch_door":{"criteria":{"has_planks":"2026-02-11 21:21:43 +0530"},"done":true},"minecraft:recipes/decorations/birch_fence":{"criteria":{"has_planks":"2026-02-11 21:21:43 +0530"},"done":true},"minecraft:recipes/tools/wooden_axe":{"criteria":{"has_stick":"2026-02-11 21:20:55 +0530"},"done":true},"minecraft:recipes/combat/wooden_spear":{"criteria":{"has_stick":"2026-02-11 21:20:55 +0530"},"done":true},"minecraft:recipes/decorations/chest":{"criteria":{"has_lots_of_items":"2026-02-11 21:23:19 +0530"},"done":true},"minecraft:recipes/misc/stick":{"criteria":{"has_planks":"2026-02-11 21:21:43 +0530"},"done":true},"minecraft:adventure/sleep_in_bed":{"criteria":{"slept_in_bed":"2026-02-11 21:23:03 +0530"},"done":true},"minecraft:recipes/building_blocks/cobblestone_slab_from_cobblestone_stonecutting":{"criteria":{"has_cobblestone":"2026-02-11 21:23:19 +0530"},"done":true},"minecraft:recipes/building_blocks/oak_stairs":{"criteria":{"has_planks":"2026-02-11 21:23:08 +0530"},"done":true},"minecraft:recipes/decorations/birch_sign":{"criteria":{"has_planks":"2026-02-11 21:21:43 +0530"},"done":true},"minecraft:recipes/decorations/oak_fence":{"criteria":{"has_planks":"2026-02-11 21:23:08 +0530"},"done":true},"minecraft:recipes/redstone/birch_fence_gate":{"criteria":{"has_planks":"2026-02-11 21:21:43 +0530"},"done":true},"minecraft:recipes/building_blocks/stone":{"criteria":{"has_cobblestone":"2026-02-11 21:23:19 +0530"},"done":true},"minecraft:recipes/building_blocks/birch_slab":{"criteria":{"has_planks":"2026-02-11 21:21:43 +0530"},"done":true},"minecraft:recipes/decorations/oak_hanging_sign":{"criteria":{"has_stripped_logs":"2026-02-11 21:31:20 +0530"},"done":true},"minecraft:husbandry/root":{"criteria":{"consumed_item":"2026-02-11 21:25:07 +0530"},"done":true},"minecraft:recipes/building_blocks/coal_block":{"criteria":{"has_coal":"2026-02-11 21:26:09 +0530"},"done":true},"minecraft:recipes/redstone/oak_button":{"criteria":{"has_planks":"2026-02-11 21:23:08 +0530"},"done":true},"minecraft:recipes/decorations/oak_shelf":{"criteria":{"has_stripped_oak_log":"2026-02-11 21:31:20 +0530"},"done":true},"minecraft:recipes/building_blocks/birch_stairs":{"criteria":{"has_planks":"2026-02-11 21:21:43 +0530"},"done":true},"minecraft:recipes/decorations/torch":{"criteria":{"has_stone_pickaxe":"2026-02-11 21:29:39 +0530"},"done":true},"minecraft:recipes/building_blocks/oak_slab":{"criteria":{"has_planks":"2026-02-11 21:23:08 +0530"},"done":true},"minecraft:recipes/tools/stone_pickaxe":{"criteria":{"has_cobblestone":"2026-02-11 21:23:19 +0530"},"done":true},"minecraft:recipes/decorations/campfire":{"criteria":{"has_stick":"2026-02-11 21:20:55 +0530"},"done":true},"minecraft:recipes/tools/wooden_hoe":{"criteria":{"has_stick":"2026-02-11 21:20:55 +0530"},"done":true},"minecraft:recipes/redstone/oak_fence_gate":{"criteria":{"has_planks":"2026-02-11 21:23:08 +0530"},"done":true},"minecraft:recipes/tools/wooden_pickaxe":{"criteria":{"has_stick":"2026-02-11 21:20:55 +0530"},"done":true},"minecraft:story/upgrade_tools":{"criteria":{"stone_pickaxe":"2026-02-11 21:29:39 +0530"},"done":true},"minecraft:recipes/redstone/oak_pressure_plate":{"criteria":{"has_planks":"2026-02-11 21:23:08 +0530"},"done":true},"minecraft:recipes/combat/stone_spear":{"criteria":{"has_cobblestone":"2026-02-11 21:23:19 +0530"},"done":true},"minecraft:recipes/redstone/oak_door":{"criteria":{"has_planks":"2026-02-11 21:23:08 +0530"},"done":true},"minecraft:recipes/redstone/birch_trapdoor":{"criteria":{"has_planks":"2026-02-11 21:21:43 +0530"},"done":true},"minecraft:recipes/tools/wooden_shovel":{"criteria":{"has_stick":"2026-02-11 21:20:55 +0530"},"done":true},"minecraft:recipes/building_blocks/cobblestone_slab":{"criteria":{"has_cobblestone":"2026-02-11 21:23:19 +0530"},"done":true},"minecraft:recipes/combat/wooden_sword":{"criteria":{"has_stick":"2026-02-11 21:20:55 +0530"},"done":true},"minecraft:recipes/building_blocks/oak_planks":{"criteria":{"has_logs":"2026-02-11 21:31:20 +0530"},"done":true},"minecraft:recipes/decorations/barrel":{"criteria":{"has_planks":"2026-02-11 21:21:43 +0530"},"done":true},"minecraft:recipes/decorations/cobblestone_wall_from_cobblestone_stonecutting":{"criteria":{"has_cobblestone":"2026-02-11 21:23:19 +0530"},"done":true},"minecraft:recipes/building_blocks/stripped_oak_wood":{"criteria":{"has_log":"2026-02-11 21:31:20 +0530"},"done":true},"minecraft:recipes/building_blocks/cobblestone_stairs_from_cobblestone_stonecutting":{"criteria":{"has_cobblestone":"2026-02-11 21:23:19 +0530"},"done":true},"minecraft:recipes/redstone/birch_pressure_plate":{"criteria":{"has_planks":"2026-02-11 21:21:43 +0530"},"done":true},"minecraft:husbandry/balanced_diet":{"criteria":{"bread":"2026-02-11 21:25:07 +0530"},"done":false},"minecraft:recipes/building_blocks/cobblestone_stairs":{"criteria":{"has_cobblestone":"2026-02-11 21:23:19 +0530"},"done":true},"minecraft:recipes/tools/stone_hoe":{"criteria":{"has_cobblestone":"2026-02-11 21:23:19 +0530"},"done":true},"minecraft:recipes/tools/stone_shovel":{"criteria":{"has_cobblestone":"2026-02-11 21:23:19 +0530"},"done":true},"DataVersion":4671}