{"minecraft:recipes/decorations/crafting_table":{"criteria":{"unlock_right_away":"2026-02-11 19:48:55 +0530"},"done":true},"minecraft:adventure/adventuring_time":{"criteria":{"minecraft:old_growth_birch_forest":"2026-02-11 22:45:35 +0530","minecraft:dark_forest":"2026-02-11 22:45:39 +0530","minecraft:forest":"2026-02-11 23:18:52 +0530","minecraft:river":"2026-02-11 21:03:56 +0530","minecraft:meadow":"2026-02-11 21:16:15 +0530","minecraft:birch_forest":"2026-02-11 21:04:08 +0530","minecraft:lush_caves":"2026-02-11 22:45:23 +0530","minecraft:dripstone_caves":"2026-02-11 22:43:18 +0530","minecraft:bamboo_jungle":"2026-02-11 19:48:56 +0530","minecraft:plains":"2026-02-11 23:18:23 +0530"},"done":false},"minecraft:recipes/misc/charcoal":{"criteria":{"has_log":"2026-02-11 19:49:21 +0530"},"done":true},"minecraft:recipes/building_blocks/oak_planks":{"criteria":{"has_logs":"2026-02-11 19:49:21 +0530"},"done":true},"minecraft:recipes/building_blocks/oak_wood":{"criteria":{"has_log":"2026-02-11 19:49:21 +0530"},"done":true},"minecraft:recipes/decorations/ladder":{"criteria":{"has_stick":"2026-02-11 19:49:46 +0530"},"done":true},"minecraft:recipes/tools/wooden_axe":{"criteria":{"has_stick":"2026-02-11 19:49:46 +0530"},"done":true},"minecraft:recipes/decorations/campfire":{"criteria":{"has_stick":"2026-02-11 19:49:46 +0530"},"done":true},"minecraft:recipes/tools/wooden_hoe":{"criteria":{"has_stick":"2026-02-11 19:49:46 +0530"},"done":true},"minecraft:recipes/tools/wooden_pickaxe":{"criteria":{"has_stick":"2026-02-11 19:49:46 +0530"},"done":true},"minecraft:recipes/tools/wooden_shovel":{"criteria":{"has_stick":"2026-02-11 19:49:46 +0530"},"done":true},"minecraft:recipes/combat/wooden_sword":{"criteria":{"has_stick":"2026-02-11 19:49:46 +0530"},"done":true},"minecraft:recipes/misc/stick_from_bamboo_item":{"criteria":{"has_bamboo":"2026-02-11 19:50:19 +0530"},"done":true},"minecraft:recipes/building_blocks/bamboo_block":{"criteria":{"has_bamboo":"2026-02-11 19:50:19 +0530"},"done":true},"minecraft:recipes/decorations/scaffolding":{"criteria":{"has_bamboo":"2026-02-11 19:50:19 +0530"},"done":true},"minecraft:recipes/decorations/oak_sign":{"criteria":{"has_planks":"2026-02-11 19:50:30 +0530"},"done":true},"minecraft:recipes/redstone/oak_trapdoor":{"criteria":{"has_planks":"2026-02-11 19:50:30 +0530"},"done":true},"minecraft:recipes/misc/stick":{"criteria":{"has_planks":"2026-02-11 19:50:30 +0530"},"done":true},"minecraft:recipes/building_blocks/oak_stairs":{"criteria":{"has_planks":"2026-02-11 19:50:30 +0530"},"done":true},"minecraft:recipes/decorations/oak_fence":{"criteria":{"has_planks":"2026-02-11 19:50:30 +0530"},"done":true},"minecraft:recipes/redstone/oak_button":{"criteria":{"has_planks":"2026-02-11 19:50:30 +0530"},"done":true},"minecraft:recipes/building_blocks/oak_slab":{"criteria":{"has_planks":"2026-02-11 19:50:30 +0530"},"done":true},"minecraft:recipes/redstone/oak_fence_gate":{"criteria":{"has_planks":"2026-02-11 19:50:30 +0530"},"done":true},"minecraft:recipes/redstone/oak_pressure_plate":{"criteria":{"has_planks":"2026-02-11 19:50:30 +0530"},"done":true},"minecraft:recipes/redstone/oak_door":{"criteria":{"has_planks":"2026-02-11 19:50:30 +0530"},"done":true},"minecraft:recipes/decorations/barrel":{"criteria":{"has_planks":"2026-02-11 19:50:30 +0530"},"done":true},"minecraft:story/root":{"criteria":{"crafting_table":"2026-02-11 19:50:39 +0530"},"done":true},"minecraft:recipes/decorations/brown_banner":{"criteria":{"has_brown_wool":"2026-02-11 19:51:08 +0530"},"done":true},"minecraft:recipes/decorations/brown_bed":{"criteria":{"has_brown_wool":"2026-02-11 19:51:08 +0530"},"done":true},"minecraft:recipes/food/cooked_mutton_from_smoking":{"criteria":{"has_mutton":"2026-02-11 19:51:08 +0530"},"done":true},"minecraft:recipes/decorations/brown_carpet":{"criteria":{"has_brown_wool":"2026-02-11 19:51:08 +0530"},"done":true},"minecraft:recipes/decorations/painting":{"criteria":{"has_wool":"2026-02-11 19:51:08 +0530"},"done":true},"minecraft:recipes/food/cooked_mutton":{"criteria":{"has_mutton":"2026-02-11 19:51:08 +0530"},"done":true},"minecraft:recipes/food/cooked_mutton_from_campfire_cooking":{"criteria":{"has_mutton":"2026-02-11 19:51:08 +0530"},"done":true},"minecraft:adventure/root":{"criteria":{"killed_something":"2026-02-11 19:51:08 +0530"},"done":true},"minecraft:recipes/combat/wooden_spear":{"criteria":{"has_stick":"2026-02-11 20:31:55 +0530"},"done":true},"minecraft:recipes/redstone/lever":{"criteria":{"has_cobblestone":"2026-02-11 21:06:45 +0530"},"done":true},"minecraft:recipes/redstone/waxed_copper_door_from_honeycomb":{"criteria":{"has_copper_door":"2026-02-11 22:55:05 +0530"},"done":true},"minecraft:recipes/decorations/blast_furnace":{"criteria":{"has_smooth_stone":"2026-02-11 21:56:57 +0530"},"done":true},"minecraft:recipes/building_blocks/smooth_quartz_slab_from_smooth_quartz_stonecutting":{"criteria":{"has_smooth_quartz":"2026-02-11 22:18:36 +0530"},"done":true},"minecraft:recipes/combat/iron_leggings":{"criteria":{"has_iron_ingot":"2026-02-11 21:33:14 +0530"},"done":true},"minecraft:recipes/misc/copper_nugget_from_smelting":{"criteria":{"has_copper_helmet":"2026-02-11 21:33:50 +0530"},"done":true},"minecraft:recipes/building_blocks/smooth_quartz_slab":{"criteria":{"has_smooth_quartz":"2026-02-11 22:18:36 +0530"},"done":true},"minecraft:recipes/misc/iron_nugget_from_smelting":{"criteria":{"has_iron_pickaxe":"2026-02-11 21:34:30 +0530"},"done":true},"minecraft:recipes/building_blocks/light_blue_stained_glass":{"criteria":{"has_glass":"2026-02-11 22:52:03 +0530"},"done":true},"minecraft:recipes/food/baked_potato_from_campfire_cooking":{"criteria":{"has_potato":"2026-02-11 23:26:07 +0530"},"done":true},"minecraft:recipes/redstone/birch_button":{"criteria":{"has_planks":"2026-02-11 21:30:35 +0530"},"done":true},"minecraft:recipes/building_blocks/green_stained_glass":{"criteria":{"has_glass":"2026-02-11 22:52:03 +0530"},"done":true},"minecraft:story/iron_tools":{"criteria":{"iron_pickaxe":"2026-02-11 21:34:30 +0530"},"done":true},"minecraft:recipes/combat/iron_chestplate":{"criteria":{"has_iron_ingot":"2026-02-11 21:33:14 +0530"},"done":true},"minecraft:recipes/combat/stone_sword":{"criteria":{"has_cobblestone":"2026-02-11 21:06:45 +0530"},"done":true},"minecraft:recipes/decorations/cobblestone_wall":{"criteria":{"has_cobblestone":"2026-02-11 21:06:45 +0530"},"done":true},"minecraft:recipes/building_blocks/brown_stained_glass":{"criteria":{"has_glass":"2026-02-11 22:52:03 +0530"},"done":true},"minecraft:recipes/tools/stone_axe":{"criteria":{"has_cobblestone":"2026-02-11 21:06:45 +0530"},"done":true},"minecraft:recipes/misc/iron_nugget":{"criteria":{"has_iron_ingot":"2026-02-11 21:33:14 +0530"},"done":true},"minecraft:recipes/building_blocks/blue_stained_glass":{"criteria":{"has_glass":"2026-02-11 22:52:03 +0530"},"done":true},"minecraft:recipes/misc/bucket":{"criteria":{"has_iron_ingot":"2026-02-11 21:33:14 +0530"},"done":true},"minecraft:recipes/decorations/white_glazed_terracotta":{"criteria":{"has_white_terracotta":"2026-02-11 21:31:02 +0530"},"done":true},"minecraft:recipes/combat/iron_helmet":{"criteria":{"has_iron_ingot":"2026-02-11 21:33:14 +0530"},"done":true},"minecraft:recipes/combat/bow":{"criteria":{"has_string":"2026-02-11 21:37:50 +0530"},"done":true},"minecraft:story/mine_stone":{"criteria":{"get_stone":"2026-02-11 21:06:45 +0530"},"done":true},"minecraft:recipes/decorations/furnace":{"criteria":{"has_cobblestone":"2026-02-11 21:06:45 +0530"},"done":true},"minecraft:recipes/transportation/minecart":{"criteria":{"has_iron_ingot":"2026-02-11 21:33:14 +0530"},"done":true},"minecraft:recipes/building_blocks/andesite_stairs":{"criteria":{"has_andesite":"2026-02-11 21:07:21 +0530"},"done":true},"minecraft:recipes/tools/iron_hoe":{"criteria":{"has_iron_ingot":"2026-02-11 21:33:14 +0530"},"done":true},"minecraft:recipes/building_blocks/orange_stained_glass":{"criteria":{"has_glass":"2026-02-11 22:52:03 +0530"},"done":true},"minecraft:recipes/food/baked_potato":{"criteria":{"has_potato":"2026-02-11 23:26:07 +0530"},"done":true},"minecraft:recipes/redstone/birch_door":{"criteria":{"has_planks":"2026-02-11 21:30:35 +0530"},"done":true},"minecraft:recipes/decorations/birch_fence":{"criteria":{"has_planks":"2026-02-11 21:30:35 +0530"},"done":true},"minecraft:recipes/decorations/copper_chain":{"criteria":{"has_copper_ingot":"2026-02-11 21:33:41 +0530"},"done":true},"minecraft:recipes/misc/copper_nugget_from_blasting":{"criteria":{"has_copper_helmet":"2026-02-11 21:33:50 +0530"},"done":true},"minecraft:recipes/decorations/andesite_wall_from_andesite_stonecutting":{"criteria":{"has_andesite":"2026-02-11 21:07:21 +0530"},"done":true},"minecraft:story/smelt_iron":{"criteria":{"iron":"2026-02-11 21:33:14 +0530"},"done":true},"minecraft:recipes/building_blocks/pink_stained_glass":{"criteria":{"has_glass":"2026-02-11 22:52:03 +0530"},"done":true},"minecraft:recipes/tools/fishing_rod":{"criteria":{"has_string":"2026-02-11 21:37:50 +0530"},"done":true},"minecraft:recipes/decorations/smoker":{"criteria":{"has_furnace":"2026-02-11 21:12:10 +0530"},"done":true},"minecraft:recipes/building_blocks/black_stained_glass":{"criteria":{"has_glass":"2026-02-11 22:52:03 +0530"},"done":true},"minecraft:recipes/building_blocks/gray_stained_glass":{"criteria":{"has_glass":"2026-02-11 22:52:03 +0530"},"done":true},"minecraft:recipes/building_blocks/cut_copper_stairs_from_copper_block_stonecutting":{"criteria":{"has_copper_block":"2026-02-11 22:38:31 +0530"},"done":true},"minecraft:recipes/decorations/chest":{"criteria":{"has_lots_of_items":"2026-02-11 21:04:31 +0530"},"done":true},"minecraft:recipes/tools/shears":{"criteria":{"has_iron_ingot":"2026-02-11 21:33:14 +0530"},"done":true},"minecraft:recipes/building_blocks/emerald_block":{"criteria":{"has_emerald":"2026-02-11 22:12:03 +0530"},"done":true},"minecraft:recipes/building_blocks/mossy_cobblestone_stairs_from_mossy_cobblestone_stonecutting":{"criteria":{"has_mossy_cobblestone":"2026-02-11 21:40:16 +0530"},"done":true},"minecraft:recipes/building_blocks/copper_grate_from_copper_block_stonecutting":{"criteria":{"has_copper_block":"2026-02-11 22:38:31 +0530"},"done":true},"minecraft:adventure/sleep_in_bed":{"criteria":{"slept_in_bed":"2026-02-11 21:22:24 +0530"},"done":true},"minecraft:recipes/building_blocks/cobblestone_slab_from_cobblestone_stonecutting":{"criteria":{"has_cobblestone":"2026-02-11 21:06:45 +0530"},"done":true},"minecraft:recipes/building_blocks/polished_andesite_slab_from_andesite_stonecutting":{"criteria":{"has_andesite":"2026-02-11 21:07:21 +0530"},"done":true},"minecraft:recipes/decorations/birch_sign":{"criteria":{"has_planks":"2026-02-11 21:30:35 +0530"},"done":true},"minecraft:recipes/transportation/cherry_boat":{"criteria":{"in_water":"2026-02-11 21:03:49 +0530"},"done":true},"minecraft:recipes/redstone/lightning_rod":{"criteria":{"has_copper_ingot":"2026-02-11 21:33:41 +0530"},"done":true},"minecraft:adventure/kill_all_mobs":{"criteria":{"minecraft:skeleton":"2026-02-11 23:06:50 +0530","minecraft:enderman":"2026-02-11 22:49:08 +0530","minecraft:spider":"2026-02-11 21:11:36 +0530","minecraft:zombie":"2026-02-11 23:07:41 +0530","minecraft:zombie_villager":"2026-02-11 21:35:21 +0530"},"done":false},"minecraft:recipes/building_blocks/birch_wood":{"criteria":{"has_log":"2026-02-11 21:04:31 +0530"},"done":true},"minecraft:recipes/building_blocks/lime_stained_glass":{"criteria":{"has_glass":"2026-02-11 22:52:03 +0530"},"done":true},"minecraft:recipes/food/cooked_porkchop_from_campfire_cooking":{"criteria":{"has_porkchop":"2026-02-11 21:14:13 +0530"},"done":true},"minecraft:recipes/building_blocks/iron_block":{"criteria":{"has_iron_ingot":"2026-02-11 21:33:14 +0530"},"done":true},"minecraft:recipes/misc/red_dye_from_poppy":{"criteria":{"has_poppy":"2026-02-11 21:33:14 +0530"},"done":true},"minecraft:recipes/combat/copper_chestplate":{"criteria":{"has_copper_ingot":"2026-02-11 21:33:41 +0530"},"done":true},"minecraft:recipes/misc/yellow_dye_from_dandelion":{"criteria":{"has_dandelion":"2026-02-11 21:32:37 +0530"},"done":true},"minecraft:recipes/combat/copper_sword":{"criteria":{"has_copper_ingot":"2026-02-11 21:33:41 +0530"},"done":true},"minecraft:recipes/redstone/tripwire_hook":{"criteria":{"has_string":"2026-02-11 21:37:50 +0530"},"done":true},"minecraft:recipes/misc/bone_meal":{"criteria":{"has_bone":"2026-02-11 21:38:17 +0530"},"done":true},"minecraft:recipes/redstone/birch_fence_gate":{"criteria":{"has_planks":"2026-02-11 21:30:35 +0530"},"done":true},"minecraft:recipes/building_blocks/stone":{"criteria":{"has_cobblestone":"2026-02-11 21:06:45 +0530"},"done":true},"minecraft:recipes/combat/copper_leggings":{"criteria":{"has_copper_ingot":"2026-02-11 21:33:41 +0530"},"done":true},"minecraft:recipes/transportation/bamboo_raft":{"criteria":{"in_water":"2026-02-11 21:03:49 +0530"},"done":true},"minecraft:recipes/decorations/smithing_table":{"criteria":{"has_iron_ingot":"2026-02-11 21:33:14 +0530"},"done":true},"minecraft:recipes/building_blocks/cut_copper":{"criteria":{"has_copper_block":"2026-02-11 22:38:31 +0530"},"done":true},"minecraft:recipes/decorations/candle":{"criteria":{"has_string":"2026-02-11 21:37:50 +0530"},"done":true},"minecraft:recipes/food/bread":{"criteria":{"has_wheat":"2026-02-11 21:18:41 +0530"},"done":true},"minecraft:recipes/transportation/spruce_boat":{"criteria":{"in_water":"2026-02-11 21:03:49 +0530"},"done":true},"minecraft:recipes/building_blocks/birch_slab":{"criteria":{"has_planks":"2026-02-11 21:30:35 +0530"},"done":true},"minecraft:recipes/decorations/oak_hanging_sign":{"criteria":{"has_stripped_logs":"2026-02-11 21:30:56 +0530"},"done":true},"minecraft:recipes/building_blocks/hay_block":{"criteria":{"has_wheat":"2026-02-11 21:18:41 +0530"},"done":true},"minecraft:recipes/building_blocks/smooth_stone_slab":{"criteria":{"has_smooth_stone":"2026-02-11 21:56:57 +0530"},"done":true},"minecraft:recipes/redstone/copper_trapdoor":{"criteria":{"has_copper_ingot":"2026-02-11 21:33:41 +0530"},"done":true},"minecraft:recipes/redstone/target":{"criteria":{"has_hay_block":"2026-02-11 21:18:15 +0530"},"done":true},"minecraft:husbandry/root":{"criteria":{"consumed_item":"2026-02-11 21:06:12 +0530"},"done":true},"minecraft:recipes/transportation/birch_boat":{"criteria":{"in_water":"2026-02-11 21:03:49 +0530"},"done":true},"minecraft:recipes/building_blocks/cut_copper_from_copper_block_stonecutting":{"criteria":{"has_copper_block":"2026-02-11 22:38:31 +0530"},"done":true},"minecraft:recipes/building_blocks/chiseled_copper_from_copper_block_stonecutting":{"criteria":{"has_copper_block":"2026-02-11 22:38:31 +0530"},"done":true},"minecraft:recipes/building_blocks/jack_o_lantern":{"criteria":{"has_carved_pumpkin":"2026-02-11 22:38:39 +0530"},"done":true},"minecraft:recipes/decorations/glass_pane":{"criteria":{"has_glass":"2026-02-11 22:52:03 +0530"},"done":true},"minecraft:recipes/building_blocks/magenta_stained_glass":{"criteria":{"has_glass":"2026-02-11 22:52:03 +0530"},"done":true},"minecraft:recipes/transportation/oak_boat":{"criteria":{"in_water":"2026-02-11 21:03:49 +0530"},"done":true},"minecraft:recipes/building_blocks/smooth_stone_slab_from_smooth_stone_stonecutting":{"criteria":{"has_smooth_stone":"2026-02-11 21:56:57 +0530"},"done":true},"minecraft:recipes/building_blocks/waxed_copper_block_from_honeycomb":{"criteria":{"has_copper_block":"2026-02-11 22:38:31 +0530"},"done":true},"minecraft:recipes/building_blocks/white_stained_glass":{"criteria":{"has_glass":"2026-02-11 22:52:03 +0530"},"done":true},"minecraft:recipes/building_blocks/andesite_slab_from_andesite_stonecutting":{"criteria":{"has_andesite":"2026-02-11 21:07:21 +0530"},"done":true},"minecraft:recipes/building_blocks/coal_block":{"criteria":{"has_coal":"2026-02-11 21:16:18 +0530"},"done":true},"minecraft:recipes/building_blocks/mossy_cobblestone_slab":{"criteria":{"has_mossy_cobblestone":"2026-02-11 21:40:16 +0530"},"done":true},"minecraft:recipes/tools/lead":{"criteria":{"has_string":"2026-02-11 21:37:50 +0530"},"done":true},"minecraft:recipes/decorations/lodestone":{"criteria":{"has_iron_ingot":"2026-02-11 21:33:14 +0530"},"done":true},"minecraft:recipes/building_blocks/smooth_quartz_stairs_from_smooth_quartz_stonecutting":{"criteria":{"has_smooth_quartz":"2026-02-11 22:18:36 +0530"},"done":true},"minecraft:recipes/decorations/oak_shelf":{"criteria":{"has_stripped_oak_log":"2026-02-11 21:30:56 +0530"},"done":true},"minecraft:recipes/building_blocks/birch_stairs":{"criteria":{"has_planks":"2026-02-11 21:30:35 +0530"},"done":true},"minecraft:recipes/food/pumpkin_pie":{"criteria":{"has_carved_pumpkin":"2026-02-11 22:38:39 +0530"},"done":true},"minecraft:recipes/building_blocks/mossy_cobblestone_stairs":{"criteria":{"has_mossy_cobblestone":"2026-02-11 21:40:16 +0530"},"done":true},"minecraft:recipes/combat/iron_sword":{"criteria":{"has_iron_ingot":"2026-02-11 21:33:14 +0530"},"done":true},"minecraft:recipes/tools/iron_pickaxe":{"criteria":{"has_iron_ingot":"2026-02-11 21:33:14 +0530"},"done":true},"minecraft:recipes/building_blocks/copper_block":{"criteria":{"has_copper_ingot":"2026-02-11 21:33:41 +0530"},"done":true},"minecraft:recipes/transportation/mangrove_boat":{"criteria":{"in_water":"2026-02-11 21:03:49 +0530"},"done":true},"minecraft:recipes/food/suspicious_stew_from_dandelion":{"criteria":{"has_dandelion":"2026-02-11 21:32:37 +0530"},"done":true},"minecraft:recipes/decorations/torch":{"criteria":{"has_stone_pickaxe":"2026-02-11 21:13:09 +0530"},"done":true},"minecraft:recipes/combat/shield":{"criteria":{"has_iron_ingot":"2026-02-11 21:33:14 +0530"},"done":true},"minecraft:recipes/redstone/hopper":{"criteria":{"has_iron_ingot":"2026-02-11 21:33:14 +0530"},"done":true},"minecraft:recipes/building_blocks/andesite_stairs_from_andesite_stonecutting":{"criteria":{"has_andesite":"2026-02-11 21:07:21 +0530"},"done":true},"minecraft:recipes/decorations/iron_bars":{"criteria":{"has_iron_ingot":"2026-02-11 21:33:14 +0530"},"done":true},"minecraft:recipes/misc/copper_ingot":{"criteria":{"has_copper_block":"2026-02-11 22:38:31 +0530"},"done":true},"minecraft:recipes/building_blocks/red_stained_glass":{"criteria":{"has_glass":"2026-02-11 22:52:03 +0530"},"done":true},"minecraft:story/lava_bucket":{"criteria":{"lava_bucket":"2026-02-11 23:14:32 +0530"},"done":true},"minecraft:recipes/misc/copper_ingot_from_blasting_raw_copper":{"criteria":{"has_raw_copper":"2026-02-11 21:14:34 +0530"},"done":true},"minecraft:recipes/misc/copper_nugget":{"criteria":{"has_copper_ingot":"2026-02-11 21:33:41 +0530"},"done":true},"minecraft:recipes/combat/copper_helmet":{"criteria":{"has_copper_ingot":"2026-02-11 21:33:41 +0530"},"done":true},"minecraft:recipes/food/cooked_porkchop":{"criteria":{"has_porkchop":"2026-02-11 21:14:13 +0530"},"done":true},"minecraft:recipes/building_blocks/raw_copper_block":{"criteria":{"has_raw_copper":"2026-02-11 21:14:34 +0530"},"done":true},"minecraft:recipes/tools/brush":{"criteria":{"has_copper_ingot":"2026-02-11 21:33:41 +0530"},"done":true},"minecraft:recipes/brewing/glass_bottle":{"criteria":{"has_glass":"2026-02-11 22:52:03 +0530"},"done":true},"minecraft:recipes/combat/iron_boots":{"criteria":{"has_iron_ingot":"2026-02-11 21:33:14 +0530"},"done":true},"minecraft:recipes/building_blocks/birch_planks":{"criteria":{"has_logs":"2026-02-11 21:04:31 +0530"},"done":true},"minecraft:recipes/combat/copper_boots":{"criteria":{"has_copper_ingot":"2026-02-11 21:33:41 +0530"},"done":true},"minecraft:recipes/brewing/fermented_spider_eye":{"criteria":{"has_spider_eye":"2026-02-11 21:37:49 +0530"},"done":true},"minecraft:recipes/tools/stone_pickaxe":{"criteria":{"has_cobblestone":"2026-02-11 21:06:45 +0530"},"done":true},"minecraft:recipes/building_blocks/light_gray_stained_glass":{"criteria":{"has_glass":"2026-02-11 22:52:03 +0530"},"done":true},"minecraft:recipes/tools/copper_shovel":{"criteria":{"has_copper_ingot":"2026-02-11 21:33:41 +0530"},"done":true},"minecraft:recipes/decorations/lantern":{"criteria":{"has_iron_ingot":"2026-02-11 21:33:14 +0530"},"done":true},"minecraft:recipes/redstone/copper_bulb":{"criteria":{"has_copper_block":"2026-02-11 22:38:31 +0530"},"done":true},"minecraft:recipes/decorations/mossy_cobblestone_wall":{"criteria":{"has_mossy_cobblestone":"2026-02-11 21:40:16 +0530"},"done":true},"minecraft:recipes/redstone/copper_door":{"criteria":{"has_copper_ingot":"2026-02-11 21:33:41 +0530"},"done":true},"minecraft:recipes/tools/copper_pickaxe":{"criteria":{"has_copper_ingot":"2026-02-11 21:33:41 +0530"},"done":true},"minecraft:recipes/decorations/iron_chain":{"criteria":{"has_iron_ingot":"2026-02-11 21:33:14 +0530"},"done":true},"minecraft:recipes/building_blocks/polished_andesite_from_andesite_stonecutting":{"criteria":{"has_andesite":"2026-02-11 21:07:21 +0530"},"done":true},"minecraft:recipes/tools/iron_shovel":{"criteria":{"has_iron_ingot":"2026-02-11 21:33:14 +0530"},"done":true},"minecraft:recipes/food/baked_potato_from_smoking":{"criteria":{"has_potato":"2026-02-11 23:26:07 +0530"},"done":true},"minecraft:story/upgrade_tools":{"criteria":{"stone_pickaxe":"2026-02-11 21:13:09 +0530"},"done":true},"minecraft:recipes/building_blocks/copper_grate":{"criteria":{"has_copper_block":"2026-02-11 22:38:31 +0530"},"done":true},"minecraft:recipes/misc/yellow_dye_from_wildflowers":{"criteria":{"has_wildflowers":"2026-02-11 21:15:33 +0530"},"done":true},"minecraft:recipes/building_blocks/cyan_stained_glass":{"criteria":{"has_glass":"2026-02-11 22:52:03 +0530"},"done":true},"minecraft:recipes/combat/stone_spear":{"criteria":{"has_cobblestone":"2026-02-11 21:06:45 +0530"},"done":true},"minecraft:recipes/building_blocks/polished_andesite":{"criteria":{"has_andesite":"2026-02-11 21:07:21 +0530"},"done":true},"minecraft:recipes/transportation/carrot_on_a_stick":{"criteria":{"has_carrot":"2026-02-11 23:26:14 +0530"},"done":true},"minecraft:recipes/redstone/birch_trapdoor":{"criteria":{"has_planks":"2026-02-11 21:30:35 +0530"},"done":true},"minecraft:recipes/tools/copper_axe":{"criteria":{"has_copper_ingot":"2026-02-11 21:33:41 +0530"},"done":true},"minecraft:recipes/food/suspicious_stew_from_cornflower":{"criteria":{"has_cornflower":"2026-02-11 22:03:02 +0530"},"done":true},"minecraft:recipes/building_blocks/purple_stained_glass":{"criteria":{"has_glass":"2026-02-11 22:52:03 +0530"},"done":true},"minecraft:recipes/building_blocks/mossy_cobblestone_slab_from_mossy_cobblestone_stonecutting":{"criteria":{"has_mossy_cobblestone":"2026-02-11 21:40:16 +0530"},"done":true},"minecraft:recipes/building_blocks/cobblestone_slab":{"criteria":{"has_cobblestone":"2026-02-11 21:06:45 +0530"},"done":true},"minecraft:recipes/building_blocks/yellow_stained_glass":{"criteria":{"has_glass":"2026-02-11 22:52:03 +0530"},"done":true},"minecraft:recipes/food/suspicious_stew_from_poppy":{"criteria":{"has_poppy":"2026-02-11 21:33:14 +0530"},"done":true},"minecraft:recipes/brewing/cauldron":{"criteria":{"has_water_bucket":"2026-02-11 23:07:21 +0530"},"done":true},"minecraft:recipes/decorations/copper_bars":{"criteria":{"has_copper_ingot":"2026-02-11 21:33:41 +0530"},"done":true},"minecraft:recipes/transportation/acacia_boat":{"criteria":{"in_water":"2026-02-11 21:03:49 +0530"},"done":true},"minecraft:recipes/redstone/iron_trapdoor":{"criteria":{"has_iron_ingot":"2026-02-11 21:33:14 +0530"},"done":true},"minecraft:recipes/tools/copper_hoe":{"criteria":{"has_copper_ingot":"2026-02-11 21:33:41 +0530"},"done":true},"minecraft:recipes/combat/copper_spear":{"criteria":{"has_copper_ingot":"2026-02-11 21:33:41 +0530"},"done":true},"minecraft:recipes/building_blocks/white_wool_from_string":{"criteria":{"has_string":"2026-02-11 21:37:50 +0530"},"done":true},"minecraft:recipes/misc/blue_dye_from_cornflower":{"criteria":{"has_cornflower":"2026-02-11 22:03:02 +0530"},"done":true},"minecraft:recipes/tools/iron_axe":{"criteria":{"has_iron_ingot":"2026-02-11 21:33:14 +0530"},"done":true},"minecraft:recipes/combat/crossbow":{"criteria":{"has_iron_ingot":"2026-02-11 21:33:14 +0530"},"done":true},"minecraft:recipes/food/cooked_porkchop_from_smoking":{"criteria":{"has_porkchop":"2026-02-11 21:14:13 +0530"},"done":true},"minecraft:recipes/misc/iron_nugget_from_blasting":{"criteria":{"has_iron_pickaxe":"2026-02-11 21:34:30 +0530"},"done":true},"minecraft:adventure/kill_a_mob":{"criteria":{"minecraft:spider":"2026-02-11 21:11:36 +0530"},"done":true},"minecraft:recipes/transportation/pale_oak_boat":{"criteria":{"in_water":"2026-02-11 21:03:49 +0530"},"done":true},"minecraft:husbandry/plant_seed":{"criteria":{"wheat":"2026-02-11 23:26:49 +0530"},"done":true},"minecraft:recipes/decorations/cobblestone_wall_from_cobblestone_stonecutting":{"criteria":{"has_cobblestone":"2026-02-11 21:06:45 +0530"},"done":true},"minecraft:recipes/building_blocks/stripped_oak_wood":{"criteria":{"has_log":"2026-02-11 21:30:56 +0530"},"done":true},"minecraft:recipes/decorations/andesite_wall":{"criteria":{"has_andesite":"2026-02-11 21:07:21 +0530"},"done":true},"minecraft:recipes/building_blocks/andesite_slab":{"criteria":{"has_andesite":"2026-02-11 21:07:21 +0530"},"done":true},"minecraft:recipes/building_blocks/cobblestone_stairs_from_cobblestone_stonecutting":{"criteria":{"has_cobblestone":"2026-02-11 21:06:45 +0530"},"done":true},"minecraft:recipes/misc/wheat":{"criteria":{"has_hay_block":"2026-02-11 21:18:15 +0530"},"done":true},"minecraft:recipes/building_blocks/polished_andesite_stairs_from_andesite_stonecutting":{"criteria":{"has_andesite":"2026-02-11 21:07:21 +0530"},"done":true},"minecraft:recipes/redstone/birch_pressure_plate":{"criteria":{"has_planks":"2026-02-11 21:30:35 +0530"},"done":true},"minecraft:recipes/building_blocks/cut_copper_slab_from_copper_block_stonecutting":{"criteria":{"has_copper_block":"2026-02-11 22:38:31 +0530"},"done":true},"minecraft:husbandry/balanced_diet":{"criteria":{"mutton":"2026-02-11 21:06:12 +0530","bread":"2026-02-11 21:23:50 +0530"},"done":false},"minecraft:recipes/building_blocks/cobblestone_stairs":{"criteria":{"has_cobblestone":"2026-02-11 21:06:45 +0530"},"done":true},"minecraft:recipes/combat/iron_spear":{"criteria":{"has_iron_ingot":"2026-02-11 21:33:14 +0530"},"done":true},"minecraft:recipes/decorations/mossy_cobblestone_wall_from_mossy_cobblestone_stonecutting":{"criteria":{"has_mossy_cobblestone":"2026-02-11 21:40:16 +0530"},"done":true},"minecraft:recipes/tools/stone_hoe":{"criteria":{"has_cobblestone":"2026-02-11 21:06:45 +0530"},"done":true},"minecraft:recipes/decorations/white_stained_glass_pane":{"criteria":{"has_glass":"2026-02-11 22:51:19 +0530"},"done":true},"minecraft:recipes/decorations/loom":{"criteria":{"has_string":"2026-02-11 21:37:50 +0530"},"done":true},"minecraft:recipes/tools/bundle":{"criteria":{"has_string":"2026-02-11 21:37:50 +0530"},"done":true},"minecraft:recipes/tools/stone_shovel":{"criteria":{"has_cobblestone":"2026-02-11 21:06:45 +0530"},"done":true},"minecraft:recipes/building_blocks/smooth_quartz_stairs":{"criteria":{"has_smooth_quartz":"2026-02-11 22:18:36 +0530"},"done":true},"minecraft:recipes/redstone/iron_door":{"criteria":{"has_iron_ingot":"2026-02-11 21:33:14 +0530"},"done":true},"minecraft:recipes/misc/copper_ingot_from_smelting_raw_copper":{"criteria":{"has_raw_copper":"2026-02-11 21:14:34 +0530"},"done":true},"minecraft:recipes/transportation/jungle_boat":{"criteria":{"in_water":"2026-02-11 21:03:49 +0530"},"done":true},"minecraft:recipes/redstone/heavy_weighted_pressure_plate":{"criteria":{"has_iron_ingot":"2026-02-11 21:33:14 +0530"},"done":true},"minecraft:recipes/transportation/dark_oak_boat":{"criteria":{"in_water":"2026-02-11 21:03:49 +0530"},"done":true},"DataVersion":4671}