{
  "stats": {
    "minecraft:crafted": {
      "minecraft:stick": 12,
      "minecraft:wooden_axe": 1,
      "minecraft:wooden_pickaxe": 1,
      "minecraft:birch_planks": 24,
      "minecraft:stone_pickaxe": 1
    },
    "minecraft:mined": {
      "minecraft:dirt": 20,
      "minecraft:podzol": 4,
      "minecraft:dandelion": 1,
      "minecraft:birch_leaves": 3,
      "minecraft:coal_ore": 7,
      "minecraft:grass_block": 11,
      "minecraft:white_terracotta": 10,
      "minecraft:oak_planks": 5,
      "minecraft:bamboo": 1,
      "minecraft:short_grass": 10,
      "minecraft:bee_nest": 1,
      "minecraft:fern": 1,
      "minecraft:dirt_path": 2,
      "minecraft:crafting_table": 3,
      "minecraft:cornflower": 1,
      "minecraft:birch_log": 10,
      "minecraft:stripped_oak_log": 4,
      "minecraft:stone": 32
    },
    "minecraft:custom": {
      "minecraft:interact_with_crafting_table": 2,
      "minecraft:time_since_rest": 10120,
      "minecraft:walk_one_cm": 101832,
      "minecraft:leave_game": 2,
      "minecraft:walk_under_water_one_cm": 3886,
      "minecraft:damage_taken": 1338,
      "minecraft:play_time": 29481,
      "minecraft:damage_dealt": 328,
      "minecraft:jump": 363,
      "minecraft:time_since_death": 17946,
      "minecraft:sprint_one_cm": 27232,
      "minecraft:sleep_in_bed": 2,
      "minecraft:fall_one_cm": 6837,
      "minecraft:total_world_time": 29481,
      "minecraft:swim_one_cm": 18508,
      "minecraft:fly_one_cm": 6339,
      "minecraft:walk_on_water_one_cm": 11481,
      "minecraft:crouch_one_cm": 1277,
      "minecraft:sneak_time": 1070,
      "minecraft:climb_one_cm": 296,
      "minecraft:deaths": 4
    },
    "minecraft:killed_by": {
      "minecraft:skeleton": 1,
      "minecraft:drowned": 1,
      "minecraft:zombie": 1
    },
    "minecraft:picked_up": {
      "minecraft:yellow_bed": 1,
      "minecraft:dirt": 34,
      "minecraft:birch_sapling": 1,
      "minecraft:stick": 1,
      "minecraft:cobblestone": 28,
      "minecraft:bamboo": 12,
      "minecraft:oak_planks": 7,
      "minecraft:stripped_oak_log": 4,
      "minecraft:crafting_table": 3,
      "minecraft:torch": 1,
      "minecraft:bread": 3,
      "minecraft:coal": 7,
      "minecraft:birch_log": 15,
      "minecraft:oak_door": 1,
      "minecraft:white_terracotta": 5
    },
    "minecraft:used": {
      "minecraft:birch_planks": 3,
      "minecraft:wooden_axe": 12,
      "minecraft:crafting_table": 2,
      "minecraft:wooden_pickaxe": 44,
      "minecraft:stone_pickaxe": 25,
      "minecraft:bread": 3,
      "minecraft:dirt": 1,
      "minecraft:bamboo": 12
    }
  },
  "DataVersion": 4671
}