{
  "stats": {
    "minecraft:crafted": {
      "minecraft:stone_sword": 1,
      "minecraft:furnace": 1,
      "minecraft:wooden_axe": 1,
      "minecraft:copper_boots": 1,
      "minecraft:copper_leggings": 1,
      "minecraft:wooden_sword": 1,
      "minecraft:copper_ingot": 44,
      "minecraft:bread": 59,
      "minecraft:stone_pickaxe": 1,
      "minecraft:crafting_table": 2,
      "minecraft:torch": 4,
      "minecraft:stick": 23,
      "minecraft:wooden_pickaxe": 1,
      "minecraft:oak_door": 3,
      "minecraft:shield": 1,
      "minecraft:copper_chestplate": 1,
      "minecraft:stone_axe": 2,
      "minecraft:copper_helmet": 1,
      "minecraft:oak_planks": 88,
      "minecraft:cooked_porkchop": 9,
      "minecraft:chest": 2,
      "minecraft:iron_pickaxe": 1,
      "minecraft:copper_pickaxe": 1,
      "minecraft:wheat": 171
    },
    "minecraft:killed": {
      "minecraft:zombie": 1,
      "minecraft:skeleton": 1,
      "minecraft:zombie_villager": 1,
      "minecraft:enderman": 1,
      "minecraft:sheep": 3,
      "minecraft:iron_golem": 1,
      "minecraft:pig": 4,
      "minecraft:villager": 3,
      "minecraft:spider": 2
    },
    "minecraft:dropped": {
      "minecraft:wildflowers": 9,
      "minecraft:iron_shovel": 1,
      "minecraft:birch_sapling": 1,
      "minecraft:bread": 5,
      "minecraft:brewing_stand": 1,
      "minecraft:birch_log": 10,
      "minecraft:dandelion": 6,
      "minecraft:dirt": 1
    },
    "minecraft:broken": {
      "minecraft:copper_pickaxe": 1,
      "minecraft:copper_shovel": 1,
      "minecraft:iron_shovel": 2,
      "minecraft:stone_axe": 1,
      "minecraft:stone_pickaxe": 1
    },
    "minecraft:mined": {
      "minecraft:torch": 1,
      "minecraft:glass_pane": 1,
      "minecraft:cobblestone_stairs": 4,
      "minecraft:vine": 1,
      "minecraft:dandelion": 2,
      "minecraft:coal_ore": 38,
      "minecraft:wheat": 6,
      "minecraft:white_terracotta": 3,
      "minecraft:oak_planks": 16,
      "minecraft:cobblestone": 97,
      "minecraft:hay_block": 20,
      "minecraft:white_bed": 2,
      "minecraft:short_grass": 15,
      "minecraft:smoker": 1,
      "minecraft:oak_leaves": 6,
      "minecraft:dirt_path": 21,
      "minecraft:brewing_stand": 1,
      "minecraft:crafting_table": 5,
      "minecraft:birch_log": 6,
      "minecraft:stripped_oak_log": 12,
      "minecraft:copper_ore": 14,
      "minecraft:wildflowers": 1,
      "minecraft:emerald_ore": 1,
      "minecraft:oak_stairs": 33,
      "minecraft:dirt": 553,
      "minecraft:mossy_cobblestone": 5,
      "minecraft:birch_leaves": 2,
      "minecraft:andesite": 4,
      "minecraft:grass_block": 230,
      "minecraft:bamboo": 5,
      "minecraft:ladder": 11,
      "minecraft:wall_torch": 3,
      "minecraft:fern": 2,
      "minecraft:bamboo_sapling": 2,
      "minecraft:oak_log": 31,
      "minecraft:birch_planks": 1,
      "minecraft:stone": 189,
      "minecraft:oak_door": 1
    },
    "minecraft:custom": {
      "minecraft:time_since_rest": 21569,
      "minecraft:talked_to_villager": 1,
      "minecraft:leave_game": 3,
      "minecraft:damage_taken": 1567,
      "minecraft:mob_kills": 17,
      "minecraft:time_since_death": 130889,
      "minecraft:interact_with_brewingstand": 1,
      "minecraft:interact_with_furnace": 2,
      "minecraft:sleep_in_bed": 5,
      "minecraft:swim_one_cm": 14434,
      "minecraft:total_world_time": 202003,
      "minecraft:crouch_one_cm": 30785,
      "minecraft:deaths": 5,
      "minecraft:climb_one_cm": 5673,
      "minecraft:interact_with_crafting_table": 17,
      "minecraft:walk_one_cm": 576280,
      "minecraft:walk_under_water_one_cm": 6409,
      "minecraft:damage_dealt": 4111,
      "minecraft:play_time": 202003,
      "minecraft:jump": 951,
      "minecraft:drop": 29,
      "minecraft:sprint_one_cm": 87862,
      "minecraft:open_chest": 31,
      "minecraft:interact_with_smoker": 6,
      "minecraft:fall_one_cm": 8829,
      "minecraft:fly_one_cm": 375690,
      "minecraft:interact_with_anvil": 1,
      "minecraft:walk_on_water_one_cm": 23209,
      "minecraft:sneak_time": 7483
    },
    "minecraft:killed_by": {
      "minecraft:zombie_villager": 1,
      "minecraft:creeper": 1,
      "minecraft:drowned": 2,
      "minecraft:zombie": 1
    },
    "minecraft:picked_up": {
      "minecraft:brewing_stand": 2,
      "minecraft:cobblestone": 522,
      "minecraft:white_bed": 2,
      "minecraft:stripped_oak_log": 36,
      "minecraft:bone": 4,
      "minecraft:smoker": 1,
      "minecraft:white_terracotta": 17,
      "minecraft:emerald": 1,
      "minecraft:porkchop": 9,
      "minecraft:stick": 52,
      "minecraft:bamboo": 53,
      "minecraft:wildflowers": 100,
      "minecraft:cooked_porkchop": 18,
      "minecraft:arrow": 4,
      "minecraft:iron_ingot": 4,
      "minecraft:hay_block": 19,
      "minecraft:stone_sword": 3,
      "minecraft:stone_axe": 1,
      "minecraft:mossy_cobblestone": 5,
      "minecraft:dandelion": 18,
      "minecraft:wheat": 6,
      "minecraft:mutton": 5,
      "minecraft:dirt": 931,
      "minecraft:copper_pickaxe": 3,
      "minecraft:brown_wool": 9,
      "minecraft:iron_shovel": 1,
      "minecraft:torch": 18,
      "minecraft:copper_leggings": 3,
      "minecraft:bread": 161,
      "minecraft:cobblestone_stairs": 4,
      "minecraft:oak_stairs": 31,
      "minecraft:coal": 62,
      "minecraft:oak_log": 31,
      "minecraft:copper_helmet": 2,
      "minecraft:birch_planks": 1,
      "minecraft:birch_log": 11,
      "minecraft:wheat_seeds": 51,
      "minecraft:oak_door": 3,
      "minecraft:shield": 3,
      "minecraft:iron_pickaxe": 2,
      "minecraft:spider_eye": 2,
      "minecraft:wooden_pickaxe": 4,
      "minecraft:birch_sapling": 4,
      "minecraft:poppy": 2,
      "minecraft:oak_planks": 121,
      "minecraft:copper_boots": 3,
      "minecraft:crafting_table": 5,
      "minecraft:copper_chestplate": 3,
      "minecraft:raw_copper": 44,
      "minecraft:andesite": 2,
      "minecraft:rotten_flesh": 3,
      "minecraft:polished_blackstone_button": 1,
      "minecraft:string": 4,
      "minecraft:copper_ingot": 17,
      "minecraft:ladder": 12,
      "minecraft:cornflower": 15
    },
    "minecraft:used": {
      "minecraft:stone_axe": 208,
      "minecraft:oak_fence": 21,
      "minecraft:grass_block": 40,
      "minecraft:white_terracotta": 3,
      "minecraft:waxed_copper_trapdoor": 28,
      "minecraft:spruce_pressure_plate": 1,
      "minecraft:iron_pickaxe": 50,
      "minecraft:andesite": 2,
      "minecraft:potato": 39,
      "minecraft:wheat_seeds": 30,
      "minecraft:copper_shovel": 192,
      "minecraft:wooden_axe": 9,
      "minecraft:copper_pickaxe": 190,
      "minecraft:glass": 118,
      "minecraft:wooden_sword": 40,
      "minecraft:ladder": 6,
      "minecraft:blast_furnace": 2,
      "minecraft:iron_shovel": 548,
      "minecraft:brewing_stand": 1,
      "minecraft:stone_sword": 18,
      "minecraft:smooth_stone": 205,
      "minecraft:lava_bucket": 49,
      "minecraft:red_bed": 2,
      "minecraft:wooden_pickaxe": 43,
      "minecraft:white_stained_glass": 12,
      "minecraft:copper_block": 2,
      "minecraft:oak_log": 11,
      "minecraft:cobblestone": 133,
      "minecraft:waxed_copper_chest": 2,
      "minecraft:smooth_quartz": 763,
      "minecraft:carrot": 62,
      "minecraft:stripped_oak_log": 43,
      "minecraft:crafting_table": 7,
      "minecraft:spruce_trapdoor": 5,
      "minecraft:oak_fence_gate": 2,
      "minecraft:white_bed": 2,
      "minecraft:stone_pickaxe": 129,
      "minecraft:armor_stand": 2,
      "minecraft:oak_door": 2,
      "minecraft:stone_pressure_plate": 2,
      "minecraft:scaffolding": 28,
      "minecraft:smoker": 3,
      "minecraft:copper_door": 2,
      "minecraft:stone_hoe": 162,
      "minecraft:birch_planks": 1,
      "minecraft:water_bucket": 102,
      "minecraft:polished_blackstone_button": 8,
      "minecraft:anvil": 3,
      "minecraft:furnace": 1,
      "minecraft:mutton": 3,
      "minecraft:bread": 3,
      "minecraft:torch": 274,
      "minecraft:dirt": 124,
      "minecraft:cobblestone_stairs": 1,
      "minecraft:white_concrete": 519,
      "minecraft:oak_stairs": 2,
      "minecraft:flint_and_steel": 6,
      "minecraft:chest": 12,
      "minecraft:carved_pumpkin": 2,
      "minecraft:oak_planks": 33,
      "minecraft:brown_wool": 1,
      "minecraft:acacia_pressure_plate": 5
    }
  },
  "DataVersion": 4671
}